step,j1,j2,j3,j4,j5,j6,j7,ee_x,ee_y,ee_z,ee_R00,ee_R01,ee_R02,ee_R10,ee_R11,ee_R12,ee_R20,ee_R21,ee_R22,vj1,vj2,vj3,vj4,vj5,vj6,vj7,obs0_min_x,obs0_min_y,obs0_min_z,obs0_max_x,obs0_max_y,obs0_max_z,obs1_min_x,obs1_min_y,obs1_min_z,obs1_max_x,obs1_max_y,obs1_max_z,min_obs_dist
0,45.96416088841772,108.87038548473174,346.7843173584678,171.57186986507494,68.35313105714852,28.985724122920246,2.104801188265666,354.10171641765754,138.5082793318689,-94.6051285883902,0.04566675040609033,0.9422626296591478,0.33174641619040235,0.9703414789557301,-0.12075754743302772,0.20941592335819786,0.2373856822248435,0.3123439634213984,-0.9198311184064486,0.0,0.0,0.0,0.0,0.0,0.0,0.0,329.89613486072756,50.722266467377366,-101.63553625245856,351.0110402825975,89.6231224463463,-57.58254294760251,275.6455222591511,112.77622161448805,-155.47328457445963,313.18722682143766,162.5250241454723,-113.74615863872441,14.23163916143902
1,40.92317287433525,86.7003421457493,356.43672260921085,189.0036977973772,48.265598644649494,25.837859145663142,38.477206675343815,311.08404306228016,126.62407698634846,-110.0387802878621,-0.10923854608934198,0.9328606926416235,0.3432752076286274,0.9611576060098165,0.18718707980006308,-0.20282271461895834,-0.25346202172665894,0.3077855183079856,-0.9170741945241505,-5.040988014082476,-22.17004333898244,9.6524052507431,17.43182793230227,-20.087532412499023,-3.147864977257104,36.37240548707815,329.89613486072756,50.722266467377366,-101.63553625245856,351.0110402825975,89.6231224463463,-57.58254294760251,275.6455222591511,112.77622161448805,-155.47328457445963,313.18722682143766,162.5250241454723,-113.74615863872441,3.7073783508623137
2,35.88218486025277,64.53029880676687,366.089127859954,206.43552572967948,28.17806623215047,22.689994168406038,74.84961216242196,276.42008760448044,97.57959132769733,-113.86390331606125,-0.2189194392397105,0.7486887290067565,0.6257311452862312,0.8028400905783787,0.5026757659704585,-0.3205695919236786,-0.554546723083882,0.43218313405807585,-0.7111228238164401,0.0,0.0,0.0,0.0,0.0,0.0,0.0,329.89613486072756,50.722266467377366,-101.63553625245856,351.0110402825975,89.6231224463463,-57.58254294760251,275.6455222591511,112.77622161448805,-155.47328457445963,313.18722682143766,162.5250241454723,-113.74615863872441,15.196630286790722
